title;description
Tarefa 01;Descrição da Tarefa 01
Tarefa 02;Descrição da Tarefa 02
Tarefa 03;Descrição da Tarefa 03
Tarefa 04;Descrição da Tarefa 04
Tarefa 05;Descrição da Tarefa 05
Tarefa 06;Descrição da Tarefa 06
Tarefa 07;Descrição da Tarefa 07
Tarefa 08;Descrição da Tarefa 08
Tarefa 09;Descrição da Tarefa 09
Tarefa 10;Descrição da Tarefa 10
Tarefa 11;Descrição da Tarefa 11
Tarefa 12;Descrição da Tarefa 12
Tarefa 13;Descrição da Tarefa 13
Tarefa 14;Descrição da Tarefa 14
Tarefa 15;Descrição da Tarefa 15
Tarefa 16;Descrição da Tarefa 16
Tarefa 17;Descrição da Tarefa 17
Tarefa 18;Descrição da Tarefa 18
Tarefa 19;Descrição da Tarefa 19
Tarefa 20;Descrição da Tarefa 20
Tarefa 21;Descrição da Tarefa 21
Tarefa 22;Descrição da Tarefa 22
Tarefa 23;Descrição da Tarefa 23
Tarefa 24;Descrição da Tarefa 24
Tarefa 25;Descrição da Tarefa 25
Tarefa 26;Descrição da Tarefa 26
Tarefa 27;Descrição da Tarefa 27
Tarefa 28;Descrição da Tarefa 28
Tarefa 29;Descrição da Tarefa 29
Tarefa 30;Descrição da Tarefa 30
Tarefa 31;Descrição da Tarefa 31
Tarefa 32;Descrição da Tarefa 32
Tarefa 33;Descrição da Tarefa 33
Tarefa 34;Descrição da Tarefa 34
Tarefa 35;Descrição da Tarefa 35
Tarefa 36;Descrição da Tarefa 36
Tarefa 37;Descrição da Tarefa 37
Tarefa 38;Descrição da Tarefa 38
Tarefa 39;Descrição da Tarefa 39
Tarefa 40;Descrição da Tarefa 40
Tarefa 41;Descrição da Tarefa 41
Tarefa 42;Descrição da Tarefa 42
Tarefa 43;Descrição da Tarefa 43
Tarefa 44;Descrição da Tarefa 44
Tarefa 45;Descrição da Tarefa 45
Tarefa 46;Descrição da Tarefa 46
Tarefa 47;Descrição da Tarefa 47
Tarefa 48;Descrição da Tarefa 48
Tarefa 49;Descrição da Tarefa 49
Tarefa 50;Descrição da Tarefa 50
Tarefa 51;Descrição da Tarefa 51
Tarefa 52;Descrição da Tarefa 52
Tarefa 53;Descrição da Tarefa 53
Tarefa 54;Descrição da Tarefa 54
Tarefa 55;Descrição da Tarefa 55
Tarefa 56;Descrição da Tarefa 56
Tarefa 57;Descrição da Tarefa 57
Tarefa 58;Descrição da Tarefa 58
Tarefa 59;Descrição da Tarefa 59
Tarefa 60;Descrição da Tarefa 60
Tarefa 61;Descrição da Tarefa 61
Tarefa 62;Descrição da Tarefa 62
Tarefa 63;Descrição da Tarefa 63
Tarefa 64;Descrição da Tarefa 64
Tarefa 65;Descrição da Tarefa 65
Tarefa 66;Descrição da Tarefa 66
Tarefa 67;Descrição da Tarefa 67
Tarefa 68;Descrição da Tarefa 68
Tarefa 69;Descrição da Tarefa 69
Tarefa 70;Descrição da Tarefa 70
Tarefa 71;Descrição da Tarefa 71
Tarefa 72;Descrição da Tarefa 72
Tarefa 73;Descrição da Tarefa 73
Tarefa 74;Descrição da Tarefa 74
Tarefa 75;Descrição da Tarefa 75
Tarefa 76;Descrição da Tarefa 76
Tarefa 77;Descrição da Tarefa 77
Tarefa 78;Descrição da Tarefa 78
Tarefa 79;Descrição da Tarefa 79
Tarefa 80;Descrição da Tarefa 80
Tarefa 81;Descrição da Tarefa 81
Tarefa 82;Descrição da Tarefa 82
Tarefa 83;Descrição da Tarefa 83
Tarefa 84;Descrição da Tarefa 84
Tarefa 85;Descrição da Tarefa 85
Tarefa 86;Descrição da Tarefa 86
Tarefa 87;Descrição da Tarefa 87
Tarefa 88;Descrição da Tarefa 88
Tarefa 89;Descrição da Tarefa 89
Tarefa 90;Descrição da Tarefa 90
Tarefa 91;Descrição da Tarefa 91
Tarefa 92;Descrição da Tarefa 92
Tarefa 93;Descrição da Tarefa 93
Tarefa 94;Descrição da Tarefa 94
Tarefa 95;Descrição da Tarefa 95
Tarefa 96;Descrição da Tarefa 96
Tarefa 97;Descrição da Tarefa 97
Tarefa 98;Descrição da Tarefa 98
Tarefa 99;Descrição da Tarefa 99
Tarefa 100;Descrição da Tarefa 100
